Job Number,Submit Time,Wait Time,Run Time,Number of Allocated Processors,Average CPU Time Used,Used Memory,Requested Number of Processors,Requested Time,Requested Memory,Status,User ID,Group ID,Executable Number,Queue Number,Partition Number,Preceding Job Number,Think Time from Preceding Job
0,0.1,0.0,128.0,256,,,256,179.2,,1,,,is.E.256,,,,
1,0.1,0.0,43.0,256,,,256,60.199999999999996,,1,,,ft.D.256,,,,
2,0.1,0.0,43.0,256,,,256,60.199999999999996,,1,,,ft.D.256,,,,
3,0.1,0.0,43.0,256,,,256,60.199999999999996,,1,,,ft.D.256,,,,
4,0.1,0.0,442.0,256,,,256,618.8,,1,,,ft.E.256,,,,
5,0.1,0.0,118.0,256,,,256,165.2,,1,,,bt.D.256,,,,
6,0.1,0.0,96.0,256,,,256,134.39999999999998,,1,,,mg.E.256,,,,
7,0.1,0.0,49.0,256,,,256,68.6,,1,,,cg.D.256,,,,
8,0.1,0.0,43.0,256,,,256,60.199999999999996,,1,,,ft.D.256,,,,
9,0.1,0.0,133.0,256,,,256,186.2,,1,,,sp.D.256,,,,
10,0.1,0.0,43.0,256,,,256,60.199999999999996,,1,,,ft.D.256,,,,
11,0.1,0.0,96.0,256,,,256,134.39999999999998,,1,,,mg.E.256,,,,
12,0.1,0.0,96.0,256,,,256,134.39999999999998,,1,,,mg.E.256,,,,
13,0.1,0.0,49.0,256,,,256,68.6,,1,,,cg.D.256,,,,
14,0.1,0.0,79.0,256,,,256,110.6,,1,,,lu.D.256,,,,
15,0.1,0.0,49.0,256,,,256,68.6,,1,,,cg.D.256,,,,
16,0.1,0.0,128.0,256,,,256,179.2,,1,,,is.E.256,,,,
17,0.1,0.0,275.5,256,,,256,385.7,,1,,,ep.E.256,,,,
18,0.1,0.0,96.0,256,,,256,134.39999999999998,,1,,,mg.E.256,,,,
19,0.1,0.0,133.0,256,,,256,186.2,,1,,,sp.D.256,,,,
20,0.1,0.0,133.0,256,,,256,186.2,,1,,,sp.D.256,,,,
21,0.1,0.0,133.0,256,,,256,186.2,,1,,,sp.D.256,,,,
22,0.1,0.0,128.0,256,,,256,179.2,,1,,,is.E.256,,,,
23,0.1,0.0,43.0,256,,,256,60.199999999999996,,1,,,ft.D.256,,,,
24,0.1,0.0,96.0,256,,,256,134.39999999999998,,1,,,mg.E.256,,,,
25,0.1,0.0,79.0,256,,,256,110.6,,1,,,lu.D.256,,,,
26,0.1,0.0,118.0,256,,,256,165.2,,1,,,bt.D.256,,,,
27,0.1,0.0,133.0,256,,,256,186.2,,1,,,sp.D.256,,,,
28,0.1,0.0,118.0,256,,,256,165.2,,1,,,bt.D.256,,,,
29,0.1,0.0,275.5,256,,,256,385.7,,1,,,ep.E.256,,,,
30,0.1,0.0,128.0,256,,,256,179.2,,1,,,is.E.256,,,,
31,0.1,0.0,79.0,256,,,256,110.6,,1,,,lu.D.256,,,,
32,0.1,0.0,79.0,256,,,256,110.6,,1,,,lu.D.256,,,,
33,0.1,0.0,275.5,256,,,256,385.7,,1,,,ep.E.256,,,,
34,0.1,0.0,128.0,256,,,256,179.2,,1,,,is.E.256,,,,
35,0.1,0.0,118.0,256,,,256,165.2,,1,,,bt.D.256,,,,
36,0.1,0.0,43.0,256,,,256,60.199999999999996,,1,,,ft.D.256,,,,
37,0.1,0.0,275.5,256,,,256,385.7,,1,,,ep.E.256,,,,
38,0.1,0.0,49.0,256,,,256,68.6,,1,,,cg.D.256,,,,
39,0.1,0.0,96.0,256,,,256,134.39999999999998,,1,,,mg.E.256,,,,
40,0.1,0.0,133.0,256,,,256,186.2,,1,,,sp.D.256,,,,
41,0.1,0.0,442.0,256,,,256,618.8,,1,,,ft.E.256,,,,
42,0.1,0.0,442.0,256,,,256,618.8,,1,,,ft.E.256,,,,
43,0.1,0.0,49.0,256,,,256,68.6,,1,,,cg.D.256,,,,
44,0.1,0.0,79.0,256,,,256,110.6,,1,,,lu.D.256,,,,
45,0.1,0.0,49.0,256,,,256,68.6,,1,,,cg.D.256,,,,
46,0.1,0.0,43.0,256,,,256,60.199999999999996,,1,,,ft.D.256,,,,
47,0.1,0.0,49.0,256,,,256,68.6,,1,,,cg.D.256,,,,
48,0.1,0.0,43.0,256,,,256,60.199999999999996,,1,,,ft.D.256,,,,
49,0.1,0.0,442.0,256,,,256,618.8,,1,,,ft.E.256,,,,
50,0.1,0.0,275.5,256,,,256,385.7,,1,,,ep.E.256,,,,
51,0.1,0.0,79.0,256,,,256,110.6,,1,,,lu.D.256,,,,
52,0.1,0.0,128.0,256,,,256,179.2,,1,,,is.E.256,,,,
53,0.1,0.0,96.0,256,,,256,134.39999999999998,,1,,,mg.E.256,,,,
54,0.1,0.0,128.0,256,,,256,179.2,,1,,,is.E.256,,,,
55,0.1,0.0,128.0,256,,,256,179.2,,1,,,is.E.256,,,,
56,0.1,0.0,442.0,256,,,256,618.8,,1,,,ft.E.256,,,,
57,0.1,0.0,275.5,256,,,256,385.7,,1,,,ep.E.256,,,,
58,0.1,0.0,79.0,256,,,256,110.6,,1,,,lu.D.256,,,,
59,0.1,0.0,275.5,256,,,256,385.7,,1,,,ep.E.256,,,,
60,0.1,0.0,128.0,256,,,256,179.2,,1,,,is.E.256,,,,
61,0.1,0.0,43.0,256,,,256,60.199999999999996,,1,,,ft.D.256,,,,
62,0.1,0.0,49.0,256,,,256,68.6,,1,,,cg.D.256,,,,
63,0.1,0.0,133.0,256,,,256,186.2,,1,,,sp.D.256,,,,
64,0.1,0.0,128.0,256,,,256,179.2,,1,,,is.E.256,,,,
65,0.1,0.0,275.5,256,,,256,385.7,,1,,,ep.E.256,,,,
66,0.1,0.0,79.0,256,,,256,110.6,,1,,,lu.D.256,,,,
67,0.1,0.0,128.0,256,,,256,179.2,,1,,,is.E.256,,,,
68,0.1,0.0,133.0,256,,,256,186.2,,1,,,sp.D.256,,,,
69,0.1,0.0,275.5,256,,,256,385.7,,1,,,ep.E.256,,,,
70,0.1,0.0,275.5,256,,,256,385.7,,1,,,ep.E.256,,,,
71,0.1,0.0,96.0,256,,,256,134.39999999999998,,1,,,mg.E.256,,,,
72,0.1,0.0,275.5,256,,,256,385.7,,1,,,ep.E.256,,,,
73,0.1,0.0,275.5,256,,,256,385.7,,1,,,ep.E.256,,,,
74,0.1,0.0,133.0,256,,,256,186.2,,1,,,sp.D.256,,,,
75,0.1,0.0,133.0,256,,,256,186.2,,1,,,sp.D.256,,,,
76,0.1,0.0,442.0,256,,,256,618.8,,1,,,ft.E.256,,,,
77,0.1,0.0,442.0,256,,,256,618.8,,1,,,ft.E.256,,,,
78,0.1,0.0,118.0,256,,,256,165.2,,1,,,bt.D.256,,,,
79,0.1,0.0,96.0,256,,,256,134.39999999999998,,1,,,mg.E.256,,,,
80,0.1,0.0,49.0,256,,,256,68.6,,1,,,cg.D.256,,,,
81,0.1,0.0,79.0,256,,,256,110.6,,1,,,lu.D.256,,,,
82,0.1,0.0,118.0,256,,,256,165.2,,1,,,bt.D.256,,,,
83,0.1,0.0,133.0,256,,,256,186.2,,1,,,sp.D.256,,,,
84,0.1,0.0,275.5,256,,,256,385.7,,1,,,ep.E.256,,,,
85,0.1,0.0,43.0,256,,,256,60.199999999999996,,1,,,ft.D.256,,,,
86,0.1,0.0,118.0,256,,,256,165.2,,1,,,bt.D.256,,,,
87,0.1,0.0,43.0,256,,,256,60.199999999999996,,1,,,ft.D.256,,,,
88,0.1,0.0,128.0,256,,,256,179.2,,1,,,is.E.256,,,,
89,0.1,0.0,96.0,256,,,256,134.39999999999998,,1,,,mg.E.256,,,,
90,0.1,0.0,96.0,256,,,256,134.39999999999998,,1,,,mg.E.256,,,,
91,0.1,0.0,133.0,256,,,256,186.2,,1,,,sp.D.256,,,,
92,0.1,0.0,79.0,256,,,256,110.6,,1,,,lu.D.256,,,,
93,0.1,0.0,49.0,256,,,256,68.6,,1,,,cg.D.256,,,,
94,0.1,0.0,43.0,256,,,256,60.199999999999996,,1,,,ft.D.256,,,,
95,0.1,0.0,275.5,256,,,256,385.7,,1,,,ep.E.256,,,,
96,0.1,0.0,118.0,256,,,256,165.2,,1,,,bt.D.256,,,,
97,0.1,0.0,275.5,256,,,256,385.7,,1,,,ep.E.256,,,,
98,0.1,0.0,275.5,256,,,256,385.7,,1,,,ep.E.256,,,,
99,0.1,0.0,442.0,256,,,256,618.8,,1,,,ft.E.256,,,,
100,0.1,0.0,96.0,256,,,256,134.39999999999998,,1,,,mg.E.256,,,,
101,0.1,0.0,133.0,256,,,256,186.2,,1,,,sp.D.256,,,,
102,0.1,0.0,118.0,256,,,256,165.2,,1,,,bt.D.256,,,,
103,0.1,0.0,128.0,256,,,256,179.2,,1,,,is.E.256,,,,
104,0.1,0.0,43.0,256,,,256,60.199999999999996,,1,,,ft.D.256,,,,
105,0.1,0.0,79.0,256,,,256,110.6,,1,,,lu.D.256,,,,
106,0.1,0.0,128.0,256,,,256,179.2,,1,,,is.E.256,,,,
107,0.1,0.0,275.5,256,,,256,385.7,,1,,,ep.E.256,,,,
108,0.1,0.0,96.0,256,,,256,134.39999999999998,,1,,,mg.E.256,,,,
109,0.1,0.0,79.0,256,,,256,110.6,,1,,,lu.D.256,,,,
110,0.1,0.0,96.0,256,,,256,134.39999999999998,,1,,,mg.E.256,,,,
111,0.1,0.0,49.0,256,,,256,68.6,,1,,,cg.D.256,,,,
112,0.1,0.0,275.5,256,,,256,385.7,,1,,,ep.E.256,,,,
113,0.1,0.0,118.0,256,,,256,165.2,,1,,,bt.D.256,,,,
114,0.1,0.0,79.0,256,,,256,110.6,,1,,,lu.D.256,,,,
115,0.1,0.0,79.0,256,,,256,110.6,,1,,,lu.D.256,,,,
116,0.1,0.0,118.0,256,,,256,165.2,,1,,,bt.D.256,,,,
117,0.1,0.0,275.5,256,,,256,385.7,,1,,,ep.E.256,,,,
118,0.1,0.0,442.0,256,,,256,618.8,,1,,,ft.E.256,,,,
119,0.1,0.0,79.0,256,,,256,110.6,,1,,,lu.D.256,,,,
120,0.1,0.0,275.5,256,,,256,385.7,,1,,,ep.E.256,,,,
121,0.1,0.0,128.0,256,,,256,179.2,,1,,,is.E.256,,,,
122,0.1,0.0,79.0,256,,,256,110.6,,1,,,lu.D.256,,,,
123,0.1,0.0,96.0,256,,,256,134.39999999999998,,1,,,mg.E.256,,,,
124,0.1,0.0,96.0,256,,,256,134.39999999999998,,1,,,mg.E.256,,,,
125,0.1,0.0,128.0,256,,,256,179.2,,1,,,is.E.256,,,,
126,0.1,0.0,43.0,256,,,256,60.199999999999996,,1,,,ft.D.256,,,,
127,0.1,0.0,79.0,256,,,256,110.6,,1,,,lu.D.256,,,,
128,0.1,0.0,275.5,256,,,256,385.7,,1,,,ep.E.256,,,,
129,0.1,0.0,118.0,256,,,256,165.2,,1,,,bt.D.256,,,,
130,0.1,0.0,118.0,256,,,256,165.2,,1,,,bt.D.256,,,,
131,0.1,0.0,128.0,256,,,256,179.2,,1,,,is.E.256,,,,
132,0.1,0.0,96.0,256,,,256,134.39999999999998,,1,,,mg.E.256,,,,
133,0.1,0.0,49.0,256,,,256,68.6,,1,,,cg.D.256,,,,
134,0.1,0.0,128.0,256,,,256,179.2,,1,,,is.E.256,,,,
135,0.1,0.0,133.0,256,,,256,186.2,,1,,,sp.D.256,,,,
136,0.1,0.0,79.0,256,,,256,110.6,,1,,,lu.D.256,,,,
137,0.1,0.0,275.5,256,,,256,385.7,,1,,,ep.E.256,,,,
138,0.1,0.0,133.0,256,,,256,186.2,,1,,,sp.D.256,,,,
139,0.1,0.0,49.0,256,,,256,68.6,,1,,,cg.D.256,,,,
140,0.1,0.0,442.0,256,,,256,618.8,,1,,,ft.E.256,,,,
141,0.1,0.0,275.5,256,,,256,385.7,,1,,,ep.E.256,,,,
142,0.1,0.0,133.0,256,,,256,186.2,,1,,,sp.D.256,,,,
143,0.1,0.0,133.0,256,,,256,186.2,,1,,,sp.D.256,,,,
144,0.1,0.0,79.0,256,,,256,110.6,,1,,,lu.D.256,,,,
145,0.1,0.0,128.0,256,,,256,179.2,,1,,,is.E.256,,,,
146,0.1,0.0,442.0,256,,,256,618.8,,1,,,ft.E.256,,,,
147,0.1,0.0,442.0,256,,,256,618.8,,1,,,ft.E.256,,,,
148,0.1,0.0,118.0,256,,,256,165.2,,1,,,bt.D.256,,,,
149,0.1,0.0,43.0,256,,,256,60.199999999999996,,1,,,ft.D.256,,,,
150,0.1,0.0,275.5,256,,,256,385.7,,1,,,ep.E.256,,,,
151,0.1,0.0,49.0,256,,,256,68.6,,1,,,cg.D.256,,,,
152,0.1,0.0,43.0,256,,,256,60.199999999999996,,1,,,ft.D.256,,,,
153,0.1,0.0,128.0,256,,,256,179.2,,1,,,is.E.256,,,,
154,0.1,0.0,79.0,256,,,256,110.6,,1,,,lu.D.256,,,,
155,0.1,0.0,79.0,256,,,256,110.6,,1,,,lu.D.256,,,,
156,0.1,0.0,79.0,256,,,256,110.6,,1,,,lu.D.256,,,,
157,0.1,0.0,128.0,256,,,256,179.2,,1,,,is.E.256,,,,
158,0.1,0.0,275.5,256,,,256,385.7,,1,,,ep.E.256,,,,
159,0.1,0.0,96.0,256,,,256,134.39999999999998,,1,,,mg.E.256,,,,
160,0.1,0.0,49.0,256,,,256,68.6,,1,,,cg.D.256,,,,
161,0.1,0.0,43.0,256,,,256,60.199999999999996,,1,,,ft.D.256,,,,
162,0.1,0.0,49.0,256,,,256,68.6,,1,,,cg.D.256,,,,
163,0.1,0.0,79.0,256,,,256,110.6,,1,,,lu.D.256,,,,
164,0.1,0.0,96.0,256,,,256,134.39999999999998,,1,,,mg.E.256,,,,
165,0.1,0.0,128.0,256,,,256,179.2,,1,,,is.E.256,,,,
166,0.1,0.0,49.0,256,,,256,68.6,,1,,,cg.D.256,,,,
167,0.1,0.0,133.0,256,,,256,186.2,,1,,,sp.D.256,,,,
168,0.1,0.0,275.5,256,,,256,385.7,,1,,,ep.E.256,,,,
169,0.1,0.0,275.5,256,,,256,385.7,,1,,,ep.E.256,,,,
170,0.1,0.0,118.0,256,,,256,165.2,,1,,,bt.D.256,,,,
171,0.1,0.0,79.0,256,,,256,110.6,,1,,,lu.D.256,,,,
172,0.1,0.0,442.0,256,,,256,618.8,,1,,,ft.E.256,,,,
173,0.1,0.0,118.0,256,,,256,165.2,,1,,,bt.D.256,,,,
174,0.1,0.0,49.0,256,,,256,68.6,,1,,,cg.D.256,,,,
175,0.1,0.0,275.5,256,,,256,385.7,,1,,,ep.E.256,,,,
176,0.1,0.0,133.0,256,,,256,186.2,,1,,,sp.D.256,,,,
177,0.1,0.0,49.0,256,,,256,68.6,,1,,,cg.D.256,,,,
178,0.1,0.0,442.0,256,,,256,618.8,,1,,,ft.E.256,,,,
179,0.1,0.0,442.0,256,,,256,618.8,,1,,,ft.E.256,,,,
180,0.1,0.0,43.0,256,,,256,60.199999999999996,,1,,,ft.D.256,,,,
181,0.1,0.0,96.0,256,,,256,134.39999999999998,,1,,,mg.E.256,,,,
182,0.1,0.0,442.0,256,,,256,618.8,,1,,,ft.E.256,,,,
183,0.1,0.0,43.0,256,,,256,60.199999999999996,,1,,,ft.D.256,,,,
184,0.1,0.0,43.0,256,,,256,60.199999999999996,,1,,,ft.D.256,,,,
185,0.1,0.0,49.0,256,,,256,68.6,,1,,,cg.D.256,,,,
186,0.1,0.0,79.0,256,,,256,110.6,,1,,,lu.D.256,,,,
187,0.1,0.0,49.0,256,,,256,68.6,,1,,,cg.D.256,,,,
188,0.1,0.0,128.0,256,,,256,179.2,,1,,,is.E.256,,,,
189,0.1,0.0,442.0,256,,,256,618.8,,1,,,ft.E.256,,,,
190,0.1,0.0,442.0,256,,,256,618.8,,1,,,ft.E.256,,,,
191,0.1,0.0,442.0,256,,,256,618.8,,1,,,ft.E.256,,,,
192,0.1,0.0,79.0,256,,,256,110.6,,1,,,lu.D.256,,,,
193,0.1,0.0,133.0,256,,,256,186.2,,1,,,sp.D.256,,,,
194,0.1,0.0,43.0,256,,,256,60.199999999999996,,1,,,ft.D.256,,,,
195,0.1,0.0,133.0,256,,,256,186.2,,1,,,sp.D.256,,,,
196,0.1,0.0,442.0,256,,,256,618.8,,1,,,ft.E.256,,,,
197,0.1,0.0,118.0,256,,,256,165.2,,1,,,bt.D.256,,,,
198,0.1,0.0,275.5,256,,,256,385.7,,1,,,ep.E.256,,,,
199,0.1,0.0,96.0,256,,,256,134.39999999999998,,1,,,mg.E.256,,,,
200,0.1,0.0,128.0,256,,,256,179.2,,1,,,is.E.256,,,,
201,0.1,0.0,442.0,256,,,256,618.8,,1,,,ft.E.256,,,,
202,0.1,0.0,442.0,256,,,256,618.8,,1,,,ft.E.256,,,,
203,0.1,0.0,128.0,256,,,256,179.2,,1,,,is.E.256,,,,
204,0.1,0.0,118.0,256,,,256,165.2,,1,,,bt.D.256,,,,
205,0.1,0.0,442.0,256,,,256,618.8,,1,,,ft.E.256,,,,
206,0.1,0.0,96.0,256,,,256,134.39999999999998,,1,,,mg.E.256,,,,
207,0.1,0.0,96.0,256,,,256,134.39999999999998,,1,,,mg.E.256,,,,
208,0.1,0.0,118.0,256,,,256,165.2,,1,,,bt.D.256,,,,
209,0.1,0.0,118.0,256,,,256,165.2,,1,,,bt.D.256,,,,
210,0.1,0.0,118.0,256,,,256,165.2,,1,,,bt.D.256,,,,
211,0.1,0.0,49.0,256,,,256,68.6,,1,,,cg.D.256,,,,
212,0.1,0.0,275.5,256,,,256,385.7,,1,,,ep.E.256,,,,
213,0.1,0.0,442.0,256,,,256,618.8,,1,,,ft.E.256,,,,
214,0.1,0.0,133.0,256,,,256,186.2,,1,,,sp.D.256,,,,
215,0.1,0.0,128.0,256,,,256,179.2,,1,,,is.E.256,,,,
216,0.1,0.0,43.0,256,,,256,60.199999999999996,,1,,,ft.D.256,,,,
217,0.1,0.0,442.0,256,,,256,618.8,,1,,,ft.E.256,,,,
218,0.1,0.0,128.0,256,,,256,179.2,,1,,,is.E.256,,,,
219,0.1,0.0,118.0,256,,,256,165.2,,1,,,bt.D.256,,,,
220,0.1,0.0,275.5,256,,,256,385.7,,1,,,ep.E.256,,,,
221,0.1,0.0,133.0,256,,,256,186.2,,1,,,sp.D.256,,,,
222,0.1,0.0,442.0,256,,,256,618.8,,1,,,ft.E.256,,,,
223,0.1,0.0,96.0,256,,,256,134.39999999999998,,1,,,mg.E.256,,,,
224,0.1,0.0,128.0,256,,,256,179.2,,1,,,is.E.256,,,,
225,0.1,0.0,442.0,256,,,256,618.8,,1,,,ft.E.256,,,,
226,0.1,0.0,96.0,256,,,256,134.39999999999998,,1,,,mg.E.256,,,,
227,0.1,0.0,43.0,256,,,256,60.199999999999996,,1,,,ft.D.256,,,,
228,0.1,0.0,43.0,256,,,256,60.199999999999996,,1,,,ft.D.256,,,,
229,0.1,0.0,96.0,256,,,256,134.39999999999998,,1,,,mg.E.256,,,,
230,0.1,0.0,79.0,256,,,256,110.6,,1,,,lu.D.256,,,,
231,0.1,0.0,442.0,256,,,256,618.8,,1,,,ft.E.256,,,,
232,0.1,0.0,133.0,256,,,256,186.2,,1,,,sp.D.256,,,,
233,0.1,0.0,128.0,256,,,256,179.2,,1,,,is.E.256,,,,
234,0.1,0.0,49.0,256,,,256,68.6,,1,,,cg.D.256,,,,
235,0.1,0.0,128.0,256,,,256,179.2,,1,,,is.E.256,,,,
236,0.1,0.0,49.0,256,,,256,68.6,,1,,,cg.D.256,,,,
237,0.1,0.0,128.0,256,,,256,179.2,,1,,,is.E.256,,,,
238,0.1,0.0,118.0,256,,,256,165.2,,1,,,bt.D.256,,,,
239,0.1,0.0,118.0,256,,,256,165.2,,1,,,bt.D.256,,,,
240,0.1,0.0,96.0,256,,,256,134.39999999999998,,1,,,mg.E.256,,,,
241,0.1,0.0,96.0,256,,,256,134.39999999999998,,1,,,mg.E.256,,,,
242,0.1,0.0,128.0,256,,,256,179.2,,1,,,is.E.256,,,,
243,0.1,0.0,96.0,256,,,256,134.39999999999998,,1,,,mg.E.256,,,,
244,0.1,0.0,442.0,256,,,256,618.8,,1,,,ft.E.256,,,,
245,0.1,0.0,133.0,256,,,256,186.2,,1,,,sp.D.256,,,,
246,0.1,0.0,79.0,256,,,256,110.6,,1,,,lu.D.256,,,,
247,0.1,0.0,118.0,256,,,256,165.2,,1,,,bt.D.256,,,,
248,0.1,0.0,49.0,256,,,256,68.6,,1,,,cg.D.256,,,,
249,0.1,0.0,128.0,256,,,256,179.2,,1,,,is.E.256,,,,
250,0.1,0.0,118.0,256,,,256,165.2,,1,,,bt.D.256,,,,
251,0.1,0.0,79.0,256,,,256,110.6,,1,,,lu.D.256,,,,
252,0.1,0.0,49.0,256,,,256,68.6,,1,,,cg.D.256,,,,
253,0.1,0.0,118.0,256,,,256,165.2,,1,,,bt.D.256,,,,
254,0.1,0.0,133.0,256,,,256,186.2,,1,,,sp.D.256,,,,
255,0.1,0.0,49.0,256,,,256,68.6,,1,,,cg.D.256,,,,
256,0.1,0.0,49.0,256,,,256,68.6,,1,,,cg.D.256,,,,
257,0.1,0.0,79.0,256,,,256,110.6,,1,,,lu.D.256,,,,
258,0.1,0.0,118.0,256,,,256,165.2,,1,,,bt.D.256,,,,
259,0.1,0.0,442.0,256,,,256,618.8,,1,,,ft.E.256,,,,
260,0.1,0.0,275.5,256,,,256,385.7,,1,,,ep.E.256,,,,
261,0.1,0.0,275.5,256,,,256,385.7,,1,,,ep.E.256,,,,
262,0.1,0.0,79.0,256,,,256,110.6,,1,,,lu.D.256,,,,
263,0.1,0.0,96.0,256,,,256,134.39999999999998,,1,,,mg.E.256,,,,
264,0.1,0.0,49.0,256,,,256,68.6,,1,,,cg.D.256,,,,
265,0.1,0.0,133.0,256,,,256,186.2,,1,,,sp.D.256,,,,
266,0.1,0.0,43.0,256,,,256,60.199999999999996,,1,,,ft.D.256,,,,
267,0.1,0.0,49.0,256,,,256,68.6,,1,,,cg.D.256,,,,
268,0.1,0.0,49.0,256,,,256,68.6,,1,,,cg.D.256,,,,
269,0.1,0.0,133.0,256,,,256,186.2,,1,,,sp.D.256,,,,
270,0.1,0.0,49.0,256,,,256,68.6,,1,,,cg.D.256,,,,
271,0.1,0.0,43.0,256,,,256,60.199999999999996,,1,,,ft.D.256,,,,
272,0.1,0.0,118.0,256,,,256,165.2,,1,,,bt.D.256,,,,
273,0.1,0.0,96.0,256,,,256,134.39999999999998,,1,,,mg.E.256,,,,
274,0.1,0.0,275.5,256,,,256,385.7,,1,,,ep.E.256,,,,
275,0.1,0.0,49.0,256,,,256,68.6,,1,,,cg.D.256,,,,
276,0.1,0.0,79.0,256,,,256,110.6,,1,,,lu.D.256,,,,
277,0.1,0.0,79.0,256,,,256,110.6,,1,,,lu.D.256,,,,
278,0.1,0.0,128.0,256,,,256,179.2,,1,,,is.E.256,,,,
279,0.1,0.0,128.0,256,,,256,179.2,,1,,,is.E.256,,,,
280,0.1,0.0,442.0,256,,,256,618.8,,1,,,ft.E.256,,,,
281,0.1,0.0,275.5,256,,,256,385.7,,1,,,ep.E.256,,,,
282,0.1,0.0,79.0,256,,,256,110.6,,1,,,lu.D.256,,,,
283,0.1,0.0,96.0,256,,,256,134.39999999999998,,1,,,mg.E.256,,,,
284,0.1,0.0,49.0,256,,,256,68.6,,1,,,cg.D.256,,,,
285,0.1,0.0,128.0,256,,,256,179.2,,1,,,is.E.256,,,,
286,0.1,0.0,49.0,256,,,256,68.6,,1,,,cg.D.256,,,,
287,0.1,0.0,275.5,256,,,256,385.7,,1,,,ep.E.256,,,,
288,0.1,0.0,128.0,256,,,256,179.2,,1,,,is.E.256,,,,
289,0.1,0.0,133.0,256,,,256,186.2,,1,,,sp.D.256,,,,
290,0.1,0.0,275.5,256,,,256,385.7,,1,,,ep.E.256,,,,
291,0.1,0.0,49.0,256,,,256,68.6,,1,,,cg.D.256,,,,
292,0.1,0.0,96.0,256,,,256,134.39999999999998,,1,,,mg.E.256,,,,
293,0.1,0.0,96.0,256,,,256,134.39999999999998,,1,,,mg.E.256,,,,
294,0.1,0.0,275.5,256,,,256,385.7,,1,,,ep.E.256,,,,
295,0.1,0.0,128.0,256,,,256,179.2,,1,,,is.E.256,,,,
296,0.1,0.0,133.0,256,,,256,186.2,,1,,,sp.D.256,,,,
297,0.1,0.0,49.0,256,,,256,68.6,,1,,,cg.D.256,,,,
298,0.1,0.0,96.0,256,,,256,134.39999999999998,,1,,,mg.E.256,,,,
299,0.1,0.0,128.0,256,,,256,179.2,,1,,,is.E.256,,,,
300,0.1,0.0,275.5,256,,,256,385.7,,1,,,ep.E.256,,,,
301,0.1,0.0,43.0,256,,,256,60.199999999999996,,1,,,ft.D.256,,,,
302,0.1,0.0,49.0,256,,,256,68.6,,1,,,cg.D.256,,,,
303,0.1,0.0,275.5,256,,,256,385.7,,1,,,ep.E.256,,,,
304,0.1,0.0,96.0,256,,,256,134.39999999999998,,1,,,mg.E.256,,,,
305,0.1,0.0,118.0,256,,,256,165.2,,1,,,bt.D.256,,,,
306,0.1,0.0,49.0,256,,,256,68.6,,1,,,cg.D.256,,,,
307,0.1,0.0,49.0,256,,,256,68.6,,1,,,cg.D.256,,,,
308,0.1,0.0,79.0,256,,,256,110.6,,1,,,lu.D.256,,,,
309,0.1,0.0,79.0,256,,,256,110.6,,1,,,lu.D.256,,,,
310,0.1,0.0,128.0,256,,,256,179.2,,1,,,is.E.256,,,,
311,0.1,0.0,275.5,256,,,256,385.7,,1,,,ep.E.256,,,,
312,0.1,0.0,118.0,256,,,256,165.2,,1,,,bt.D.256,,,,
313,0.1,0.0,133.0,256,,,256,186.2,,1,,,sp.D.256,,,,
314,0.1,0.0,49.0,256,,,256,68.6,,1,,,cg.D.256,,,,
315,0.1,0.0,442.0,256,,,256,618.8,,1,,,ft.E.256,,,,
316,0.1,0.0,128.0,256,,,256,179.2,,1,,,is.E.256,,,,
317,0.1,0.0,118.0,256,,,256,165.2,,1,,,bt.D.256,,,,
318,0.1,0.0,275.5,256,,,256,385.7,,1,,,ep.E.256,,,,
319,0.1,0.0,118.0,256,,,256,165.2,,1,,,bt.D.256,,,,
320,0.1,0.0,96.0,256,,,256,134.39999999999998,,1,,,mg.E.256,,,,
321,0.1,0.0,442.0,256,,,256,618.8,,1,,,ft.E.256,,,,
322,0.1,0.0,128.0,256,,,256,179.2,,1,,,is.E.256,,,,
323,0.1,0.0,128.0,256,,,256,179.2,,1,,,is.E.256,,,,
324,0.1,0.0,49.0,256,,,256,68.6,,1,,,cg.D.256,,,,
325,0.1,0.0,79.0,256,,,256,110.6,,1,,,lu.D.256,,,,
326,0.1,0.0,118.0,256,,,256,165.2,,1,,,bt.D.256,,,,
327,0.1,0.0,96.0,256,,,256,134.39999999999998,,1,,,mg.E.256,,,,
328,0.1,0.0,43.0,256,,,256,60.199999999999996,,1,,,ft.D.256,,,,
329,0.1,0.0,128.0,256,,,256,179.2,,1,,,is.E.256,,,,
330,0.1,0.0,79.0,256,,,256,110.6,,1,,,lu.D.256,,,,
331,0.1,0.0,275.5,256,,,256,385.7,,1,,,ep.E.256,,,,
332,0.1,0.0,128.0,256,,,256,179.2,,1,,,is.E.256,,,,
333,0.1,0.0,442.0,256,,,256,618.8,,1,,,ft.E.256,,,,
334,0.1,0.0,43.0,256,,,256,60.199999999999996,,1,,,ft.D.256,,,,
335,0.1,0.0,275.5,256,,,256,385.7,,1,,,ep.E.256,,,,
336,0.1,0.0,49.0,256,,,256,68.6,,1,,,cg.D.256,,,,
337,0.1,0.0,79.0,256,,,256,110.6,,1,,,lu.D.256,,,,
338,0.1,0.0,43.0,256,,,256,60.199999999999996,,1,,,ft.D.256,,,,
339,0.1,0.0,133.0,256,,,256,186.2,,1,,,sp.D.256,,,,
340,0.1,0.0,133.0,256,,,256,186.2,,1,,,sp.D.256,,,,
341,0.1,0.0,49.0,256,,,256,68.6,,1,,,cg.D.256,,,,
342,0.1,0.0,79.0,256,,,256,110.6,,1,,,lu.D.256,,,,
343,0.1,0.0,118.0,256,,,256,165.2,,1,,,bt.D.256,,,,
344,0.1,0.0,118.0,256,,,256,165.2,,1,,,bt.D.256,,,,
345,0.1,0.0,442.0,256,,,256,618.8,,1,,,ft.E.256,,,,
346,0.1,0.0,43.0,256,,,256,60.199999999999996,,1,,,ft.D.256,,,,
347,0.1,0.0,275.5,256,,,256,385.7,,1,,,ep.E.256,,,,
348,0.1,0.0,442.0,256,,,256,618.8,,1,,,ft.E.256,,,,
349,0.1,0.0,128.0,256,,,256,179.2,,1,,,is.E.256,,,,
350,0.1,0.0,128.0,256,,,256,179.2,,1,,,is.E.256,,,,
351,0.1,0.0,79.0,256,,,256,110.6,,1,,,lu.D.256,,,,
352,0.1,0.0,118.0,256,,,256,165.2,,1,,,bt.D.256,,,,
353,0.1,0.0,49.0,256,,,256,68.6,,1,,,cg.D.256,,,,
354,0.1,0.0,49.0,256,,,256,68.6,,1,,,cg.D.256,,,,
355,0.1,0.0,118.0,256,,,256,165.2,,1,,,bt.D.256,,,,
356,0.1,0.0,133.0,256,,,256,186.2,,1,,,sp.D.256,,,,
357,0.1,0.0,79.0,256,,,256,110.6,,1,,,lu.D.256,,,,
358,0.1,0.0,442.0,256,,,256,618.8,,1,,,ft.E.256,,,,
359,0.1,0.0,442.0,256,,,256,618.8,,1,,,ft.E.256,,,,
360,0.1,0.0,118.0,256,,,256,165.2,,1,,,bt.D.256,,,,
361,0.1,0.0,275.5,256,,,256,385.7,,1,,,ep.E.256,,,,
362,0.1,0.0,133.0,256,,,256,186.2,,1,,,sp.D.256,,,,
363,0.1,0.0,133.0,256,,,256,186.2,,1,,,sp.D.256,,,,
364,0.1,0.0,43.0,256,,,256,60.199999999999996,,1,,,ft.D.256,,,,
365,0.1,0.0,128.0,256,,,256,179.2,,1,,,is.E.256,,,,
366,0.1,0.0,442.0,256,,,256,618.8,,1,,,ft.E.256,,,,
367,0.1,0.0,43.0,256,,,256,60.199999999999996,,1,,,ft.D.256,,,,
368,0.1,0.0,442.0,256,,,256,618.8,,1,,,ft.E.256,,,,
369,0.1,0.0,96.0,256,,,256,134.39999999999998,,1,,,mg.E.256,,,,
370,0.1,0.0,128.0,256,,,256,179.2,,1,,,is.E.256,,,,
371,0.1,0.0,442.0,256,,,256,618.8,,1,,,ft.E.256,,,,
372,0.1,0.0,118.0,256,,,256,165.2,,1,,,bt.D.256,,,,
373,0.1,0.0,79.0,256,,,256,110.6,,1,,,lu.D.256,,,,
374,0.1,0.0,275.5,256,,,256,385.7,,1,,,ep.E.256,,,,
375,0.1,0.0,133.0,256,,,256,186.2,,1,,,sp.D.256,,,,
376,0.1,0.0,118.0,256,,,256,165.2,,1,,,bt.D.256,,,,
377,0.1,0.0,79.0,256,,,256,110.6,,1,,,lu.D.256,,,,
378,0.1,0.0,128.0,256,,,256,179.2,,1,,,is.E.256,,,,
379,0.1,0.0,96.0,256,,,256,134.39999999999998,,1,,,mg.E.256,,,,
380,0.1,0.0,118.0,256,,,256,165.2,,1,,,bt.D.256,,,,
381,0.1,0.0,133.0,256,,,256,186.2,,1,,,sp.D.256,,,,
382,0.1,0.0,442.0,256,,,256,618.8,,1,,,ft.E.256,,,,
383,0.1,0.0,43.0,256,,,256,60.199999999999996,,1,,,ft.D.256,,,,
384,0.1,0.0,96.0,256,,,256,134.39999999999998,,1,,,mg.E.256,,,,
385,0.1,0.0,96.0,256,,,256,134.39999999999998,,1,,,mg.E.256,,,,
386,0.1,0.0,79.0,256,,,256,110.6,,1,,,lu.D.256,,,,
387,0.1,0.0,79.0,256,,,256,110.6,,1,,,lu.D.256,,,,
388,0.1,0.0,49.0,256,,,256,68.6,,1,,,cg.D.256,,,,
389,0.1,0.0,133.0,256,,,256,186.2,,1,,,sp.D.256,,,,
390,0.1,0.0,49.0,256,,,256,68.6,,1,,,cg.D.256,,,,
391,0.1,0.0,128.0,256,,,256,179.2,,1,,,is.E.256,,,,
392,0.1,0.0,79.0,256,,,256,110.6,,1,,,lu.D.256,,,,
393,0.1,0.0,96.0,256,,,256,134.39999999999998,,1,,,mg.E.256,,,,
394,0.1,0.0,49.0,256,,,256,68.6,,1,,,cg.D.256,,,,
395,0.1,0.0,118.0,256,,,256,165.2,,1,,,bt.D.256,,,,
396,0.1,0.0,442.0,256,,,256,618.8,,1,,,ft.E.256,,,,
397,0.1,0.0,275.5,256,,,256,385.7,,1,,,ep.E.256,,,,
398,0.1,0.0,118.0,256,,,256,165.2,,1,,,bt.D.256,,,,
399,0.1,0.0,442.0,256,,,256,618.8,,1,,,ft.E.256,,,,
400,0.1,0.0,118.0,256,,,256,165.2,,1,,,bt.D.256,,,,
401,0.1,0.0,275.5,256,,,256,385.7,,1,,,ep.E.256,,,,
402,0.1,0.0,96.0,256,,,256,134.39999999999998,,1,,,mg.E.256,,,,
403,0.1,0.0,118.0,256,,,256,165.2,,1,,,bt.D.256,,,,
404,0.1,0.0,49.0,256,,,256,68.6,,1,,,cg.D.256,,,,
405,0.1,0.0,79.0,256,,,256,110.6,,1,,,lu.D.256,,,,
406,0.1,0.0,49.0,256,,,256,68.6,,1,,,cg.D.256,,,,
407,0.1,0.0,133.0,256,,,256,186.2,,1,,,sp.D.256,,,,
408,0.1,0.0,118.0,256,,,256,165.2,,1,,,bt.D.256,,,,
409,0.1,0.0,442.0,256,,,256,618.8,,1,,,ft.E.256,,,,
410,0.1,0.0,128.0,256,,,256,179.2,,1,,,is.E.256,,,,
411,0.1,0.0,96.0,256,,,256,134.39999999999998,,1,,,mg.E.256,,,,
412,0.1,0.0,49.0,256,,,256,68.6,,1,,,cg.D.256,,,,
413,0.1,0.0,133.0,256,,,256,186.2,,1,,,sp.D.256,,,,
414,0.1,0.0,118.0,256,,,256,165.2,,1,,,bt.D.256,,,,
415,0.1,0.0,133.0,256,,,256,186.2,,1,,,sp.D.256,,,,
416,0.1,0.0,79.0,256,,,256,110.6,,1,,,lu.D.256,,,,
417,0.1,0.0,442.0,256,,,256,618.8,,1,,,ft.E.256,,,,
418,0.1,0.0,96.0,256,,,256,134.39999999999998,,1,,,mg.E.256,,,,
419,0.1,0.0,43.0,256,,,256,60.199999999999996,,1,,,ft.D.256,,,,
420,0.1,0.0,118.0,256,,,256,165.2,,1,,,bt.D.256,,,,
421,0.1,0.0,96.0,256,,,256,134.39999999999998,,1,,,mg.E.256,,,,
422,0.1,0.0,133.0,256,,,256,186.2,,1,,,sp.D.256,,,,
423,0.1,0.0,79.0,256,,,256,110.6,,1,,,lu.D.256,,,,
424,0.1,0.0,49.0,256,,,256,68.6,,1,,,cg.D.256,,,,
425,0.1,0.0,118.0,256,,,256,165.2,,1,,,bt.D.256,,,,
426,0.1,0.0,442.0,256,,,256,618.8,,1,,,ft.E.256,,,,
427,0.1,0.0,442.0,256,,,256,618.8,,1,,,ft.E.256,,,,
428,0.1,0.0,128.0,256,,,256,179.2,,1,,,is.E.256,,,,
429,0.1,0.0,275.5,256,,,256,385.7,,1,,,ep.E.256,,,,
430,0.1,0.0,43.0,256,,,256,60.199999999999996,,1,,,ft.D.256,,,,
431,0.1,0.0,275.5,256,,,256,385.7,,1,,,ep.E.256,,,,
432,0.1,0.0,133.0,256,,,256,186.2,,1,,,sp.D.256,,,,
433,0.1,0.0,49.0,256,,,256,68.6,,1,,,cg.D.256,,,,
434,0.1,0.0,96.0,256,,,256,134.39999999999998,,1,,,mg.E.256,,,,
435,0.1,0.0,133.0,256,,,256,186.2,,1,,,sp.D.256,,,,
436,0.1,0.0,118.0,256,,,256,165.2,,1,,,bt.D.256,,,,
437,0.1,0.0,49.0,256,,,256,68.6,,1,,,cg.D.256,,,,
438,0.1,0.0,118.0,256,,,256,165.2,,1,,,bt.D.256,,,,
439,0.1,0.0,133.0,256,,,256,186.2,,1,,,sp.D.256,,,,
440,0.1,0.0,275.5,256,,,256,385.7,,1,,,ep.E.256,,,,
441,0.1,0.0,96.0,256,,,256,134.39999999999998,,1,,,mg.E.256,,,,
442,0.1,0.0,49.0,256,,,256,68.6,,1,,,cg.D.256,,,,
443,0.1,0.0,43.0,256,,,256,60.199999999999996,,1,,,ft.D.256,,,,
444,0.1,0.0,133.0,256,,,256,186.2,,1,,,sp.D.256,,,,
445,0.1,0.0,79.0,256,,,256,110.6,,1,,,lu.D.256,,,,
446,0.1,0.0,133.0,256,,,256,186.2,,1,,,sp.D.256,,,,
447,0.1,0.0,79.0,256,,,256,110.6,,1,,,lu.D.256,,,,
448,0.1,0.0,133.0,256,,,256,186.2,,1,,,sp.D.256,,,,
449,0.1,0.0,275.5,256,,,256,385.7,,1,,,ep.E.256,,,,
450,0.1,0.0,79.0,256,,,256,110.6,,1,,,lu.D.256,,,,
451,0.1,0.0,118.0,256,,,256,165.2,,1,,,bt.D.256,,,,
452,0.1,0.0,442.0,256,,,256,618.8,,1,,,ft.E.256,,,,
453,0.1,0.0,96.0,256,,,256,134.39999999999998,,1,,,mg.E.256,,,,
454,0.1,0.0,118.0,256,,,256,165.2,,1,,,bt.D.256,,,,
455,0.1,0.0,442.0,256,,,256,618.8,,1,,,ft.E.256,,,,
456,0.1,0.0,43.0,256,,,256,60.199999999999996,,1,,,ft.D.256,,,,
457,0.1,0.0,133.0,256,,,256,186.2,,1,,,sp.D.256,,,,
458,0.1,0.0,118.0,256,,,256,165.2,,1,,,bt.D.256,,,,
459,0.1,0.0,275.5,256,,,256,385.7,,1,,,ep.E.256,,,,
460,0.1,0.0,43.0,256,,,256,60.199999999999996,,1,,,ft.D.256,,,,
461,0.1,0.0,275.5,256,,,256,385.7,,1,,,ep.E.256,,,,
462,0.1,0.0,133.0,256,,,256,186.2,,1,,,sp.D.256,,,,
463,0.1,0.0,128.0,256,,,256,179.2,,1,,,is.E.256,,,,
464,0.1,0.0,442.0,256,,,256,618.8,,1,,,ft.E.256,,,,
465,0.1,0.0,79.0,256,,,256,110.6,,1,,,lu.D.256,,,,
466,0.1,0.0,96.0,256,,,256,134.39999999999998,,1,,,mg.E.256,,,,
467,0.1,0.0,49.0,256,,,256,68.6,,1,,,cg.D.256,,,,
468,0.1,0.0,96.0,256,,,256,134.39999999999998,,1,,,mg.E.256,,,,
469,0.1,0.0,43.0,256,,,256,60.199999999999996,,1,,,ft.D.256,,,,
470,0.1,0.0,49.0,256,,,256,68.6,,1,,,cg.D.256,,,,
471,0.1,0.0,275.5,256,,,256,385.7,,1,,,ep.E.256,,,,
472,0.1,0.0,128.0,256,,,256,179.2,,1,,,is.E.256,,,,
473,0.1,0.0,96.0,256,,,256,134.39999999999998,,1,,,mg.E.256,,,,
474,0.1,0.0,442.0,256,,,256,618.8,,1,,,ft.E.256,,,,
475,0.1,0.0,128.0,256,,,256,179.2,,1,,,is.E.256,,,,
476,0.1,0.0,133.0,256,,,256,186.2,,1,,,sp.D.256,,,,
477,0.1,0.0,49.0,256,,,256,68.6,,1,,,cg.D.256,,,,
478,0.1,0.0,133.0,256,,,256,186.2,,1,,,sp.D.256,,,,
479,0.1,0.0,118.0,256,,,256,165.2,,1,,,bt.D.256,,,,
480,0.1,0.0,79.0,256,,,256,110.6,,1,,,lu.D.256,,,,
481,0.1,0.0,49.0,256,,,256,68.6,,1,,,cg.D.256,,,,
482,0.1,0.0,49.0,256,,,256,68.6,,1,,,cg.D.256,,,,
483,0.1,0.0,118.0,256,,,256,165.2,,1,,,bt.D.256,,,,
484,0.1,0.0,43.0,256,,,256,60.199999999999996,,1,,,ft.D.256,,,,
485,0.1,0.0,128.0,256,,,256,179.2,,1,,,is.E.256,,,,
486,0.1,0.0,96.0,256,,,256,134.39999999999998,,1,,,mg.E.256,,,,
487,0.1,0.0,96.0,256,,,256,134.39999999999998,,1,,,mg.E.256,,,,
488,0.1,0.0,96.0,256,,,256,134.39999999999998,,1,,,mg.E.256,,,,
489,0.1,0.0,275.5,256,,,256,385.7,,1,,,ep.E.256,,,,
490,0.1,0.0,442.0,256,,,256,618.8,,1,,,ft.E.256,,,,
491,0.1,0.0,49.0,256,,,256,68.6,,1,,,cg.D.256,,,,
492,0.1,0.0,133.0,256,,,256,186.2,,1,,,sp.D.256,,,,
493,0.1,0.0,133.0,256,,,256,186.2,,1,,,sp.D.256,,,,
494,0.1,0.0,275.5,256,,,256,385.7,,1,,,ep.E.256,,,,
495,0.1,0.0,49.0,256,,,256,68.6,,1,,,cg.D.256,,,,
496,0.1,0.0,79.0,256,,,256,110.6,,1,,,lu.D.256,,,,
497,0.1,0.0,118.0,256,,,256,165.2,,1,,,bt.D.256,,,,
498,0.1,0.0,442.0,256,,,256,618.8,,1,,,ft.E.256,,,,
499,0.1,0.0,79.0,256,,,256,110.6,,1,,,lu.D.256,,,,
500,0.1,0.0,79.0,256,,,256,110.6,,1,,,lu.D.256,,,,
501,0.1,0.0,133.0,256,,,256,186.2,,1,,,sp.D.256,,,,
502,0.1,0.0,118.0,256,,,256,165.2,,1,,,bt.D.256,,,,
503,0.1,0.0,79.0,256,,,256,110.6,,1,,,lu.D.256,,,,
504,0.1,0.0,442.0,256,,,256,618.8,,1,,,ft.E.256,,,,
505,0.1,0.0,49.0,256,,,256,68.6,,1,,,cg.D.256,,,,
506,0.1,0.0,128.0,256,,,256,179.2,,1,,,is.E.256,,,,
507,0.1,0.0,79.0,256,,,256,110.6,,1,,,lu.D.256,,,,
508,0.1,0.0,128.0,256,,,256,179.2,,1,,,is.E.256,,,,
509,0.1,0.0,79.0,256,,,256,110.6,,1,,,lu.D.256,,,,
510,0.1,0.0,442.0,256,,,256,618.8,,1,,,ft.E.256,,,,
511,0.1,0.0,79.0,256,,,256,110.6,,1,,,lu.D.256,,,,
512,0.1,0.0,118.0,256,,,256,165.2,,1,,,bt.D.256,,,,
513,0.1,0.0,79.0,256,,,256,110.6,,1,,,lu.D.256,,,,
514,0.1,0.0,133.0,256,,,256,186.2,,1,,,sp.D.256,,,,
515,0.1,0.0,96.0,256,,,256,134.39999999999998,,1,,,mg.E.256,,,,
516,0.1,0.0,96.0,256,,,256,134.39999999999998,,1,,,mg.E.256,,,,
517,0.1,0.0,43.0,256,,,256,60.199999999999996,,1,,,ft.D.256,,,,
518,0.1,0.0,442.0,256,,,256,618.8,,1,,,ft.E.256,,,,
519,0.1,0.0,275.5,256,,,256,385.7,,1,,,ep.E.256,,,,
520,0.1,0.0,49.0,256,,,256,68.6,,1,,,cg.D.256,,,,
521,0.1,0.0,133.0,256,,,256,186.2,,1,,,sp.D.256,,,,
522,0.1,0.0,442.0,256,,,256,618.8,,1,,,ft.E.256,,,,
523,0.1,0.0,275.5,256,,,256,385.7,,1,,,ep.E.256,,,,
524,0.1,0.0,133.0,256,,,256,186.2,,1,,,sp.D.256,,,,
525,0.1,43.0,128.0,256,,,256,179.2,,1,,,is.E.256,,,,
526,0.1,43.0,48.99999999999999,256,,,256,68.6,,1,,,cg.D.256,,,,
527,0.1,43.0,118.0,256,,,256,165.2,,1,,,bt.D.256,,,,
528,0.1,43.0,42.99999999999999,256,,,256,60.199999999999996,,1,,,ft.D.256,,,,
529,0.1,43.0,79.0,256,,,256,110.6,,1,,,lu.D.256,,,,
530,0.1,43.0,42.99999999999999,256,,,256,60.199999999999996,,1,,,ft.D.256,,,,
531,0.1,43.0,48.99999999999999,256,,,256,68.6,,1,,,cg.D.256,,,,
532,0.1,43.0,275.5,256,,,256,385.7,,1,,,ep.E.256,,,,
533,0.1,43.0,133.0,256,,,256,186.2,,1,,,sp.D.256,,,,
534,0.1,43.0,442.0,256,,,256,618.8,,1,,,ft.E.256,,,,
535,0.1,43.0,79.0,256,,,256,110.6,,1,,,lu.D.256,,,,
536,0.1,43.0,118.0,256,,,256,165.2,,1,,,bt.D.256,,,,
537,0.1,43.0,118.0,256,,,256,165.2,,1,,,bt.D.256,,,,
538,0.1,43.0,275.5,256,,,256,385.7,,1,,,ep.E.256,,,,
539,0.1,43.0,42.99999999999999,256,,,256,60.199999999999996,,1,,,ft.D.256,,,,
540,0.1,43.0,275.5,256,,,256,385.7,,1,,,ep.E.256,,,,
541,0.1,43.0,275.5,256,,,256,385.7,,1,,,ep.E.256,,,,
542,0.1,43.0,48.99999999999999,256,,,256,68.6,,1,,,cg.D.256,,,,
543,0.1,43.0,128.0,256,,,256,179.2,,1,,,is.E.256,,,,
544,0.1,43.0,79.0,256,,,256,110.6,,1,,,lu.D.256,,,,
545,0.1,43.0,133.0,256,,,256,186.2,,1,,,sp.D.256,,,,
546,0.1,43.0,442.0,256,,,256,618.8,,1,,,ft.E.256,,,,
547,0.1,43.0,118.0,256,,,256,165.2,,1,,,bt.D.256,,,,
548,0.1,43.0,96.0,256,,,256,134.39999999999998,,1,,,mg.E.256,,,,
549,0.1,43.0,96.0,256,,,256,134.39999999999998,,1,,,mg.E.256,,,,
550,0.1,43.0,42.99999999999999,256,,,256,60.199999999999996,,1,,,ft.D.256,,,,
551,0.1,43.0,118.0,256,,,256,165.2,,1,,,bt.D.256,,,,
552,0.1,43.0,275.5,256,,,256,385.7,,1,,,ep.E.256,,,,
553,0.1,43.0,79.0,256,,,256,110.6,,1,,,lu.D.256,,,,
554,0.1,43.0,79.0,256,,,256,110.6,,1,,,lu.D.256,,,,
555,0.1,43.0,118.0,256,,,256,165.2,,1,,,bt.D.256,,,,
556,0.1,43.0,79.0,256,,,256,110.6,,1,,,lu.D.256,,,,
557,0.1,43.0,48.99999999999999,256,,,256,68.6,,1,,,cg.D.256,,,,
558,0.1,43.0,48.99999999999999,256,,,256,68.6,,1,,,cg.D.256,,,,
559,0.1,43.0,42.99999999999999,256,,,256,60.199999999999996,,1,,,ft.D.256,,,,
560,0.1,43.0,48.99999999999999,256,,,256,68.6,,1,,,cg.D.256,,,,
561,0.1,43.0,96.0,256,,,256,134.39999999999998,,1,,,mg.E.256,,,,
562,0.1,43.0,275.5,256,,,256,385.7,,1,,,ep.E.256,,,,
563,0.1,43.0,118.0,256,,,256,165.2,,1,,,bt.D.256,,,,
564,0.1,43.0,442.0,256,,,256,618.8,,1,,,ft.E.256,,,,
565,0.1,43.0,42.99999999999999,256,,,256,60.199999999999996,,1,,,ft.D.256,,,,
566,0.1,43.0,442.0,256,,,256,618.8,,1,,,ft.E.256,,,,
567,0.1,43.0,42.99999999999999,256,,,256,60.199999999999996,,1,,,ft.D.256,,,,
568,0.1,49.0,128.0,256,,,256,179.2,,1,,,is.E.256,,,,
569,0.1,49.0,48.99999999999999,256,,,256,68.6,,1,,,cg.D.256,,,,
570,0.1,49.0,79.0,256,,,256,110.6,,1,,,lu.D.256,,,,
571,0.1,49.0,118.0,256,,,256,165.2,,1,,,bt.D.256,,,,
572,0.1,49.0,48.99999999999999,256,,,256,68.6,,1,,,cg.D.256,,,,
573,0.1,49.0,96.0,256,,,256,134.39999999999998,,1,,,mg.E.256,,,,
574,0.1,49.0,79.0,256,,,256,110.6,,1,,,lu.D.256,,,,
575,0.1,49.0,96.0,256,,,256,134.39999999999998,,1,,,mg.E.256,,,,
576,0.1,49.0,133.0,256,,,256,186.2,,1,,,sp.D.256,,,,
577,0.1,49.0,118.0,256,,,256,165.2,,1,,,bt.D.256,,,,
578,0.1,49.0,48.99999999999999,256,,,256,68.6,,1,,,cg.D.256,,,,
579,0.1,49.0,48.99999999999999,256,,,256,68.6,,1,,,cg.D.256,,,,
580,0.1,49.0,128.0,256,,,256,179.2,,1,,,is.E.256,,,,
581,0.1,49.0,442.0,256,,,256,618.8,,1,,,ft.E.256,,,,
582,0.1,49.0,48.99999999999999,256,,,256,68.6,,1,,,cg.D.256,,,,
583,0.1,49.0,79.0,256,,,256,110.6,,1,,,lu.D.256,,,,
584,0.1,49.0,128.0,256,,,256,179.2,,1,,,is.E.256,,,,
585,0.1,49.0,96.0,256,,,256,134.39999999999998,,1,,,mg.E.256,,,,
586,0.1,49.0,42.99999999999999,256,,,256,60.199999999999996,,1,,,ft.D.256,,,,
587,0.1,49.0,96.0,256,,,256,134.39999999999998,,1,,,mg.E.256,,,,
588,0.1,49.0,442.0,256,,,256,618.8,,1,,,ft.E.256,,,,
589,0.1,49.0,128.0,256,,,256,179.2,,1,,,is.E.256,,,,
590,0.1,49.0,42.99999999999999,256,,,256,60.199999999999996,,1,,,ft.D.256,,,,
591,0.1,49.0,48.99999999999999,256,,,256,68.6,,1,,,cg.D.256,,,,
592,0.1,49.0,96.0,256,,,256,134.39999999999998,,1,,,mg.E.256,,,,
593,0.1,49.0,275.5,256,,,256,385.7,,1,,,ep.E.256,,,,
594,0.1,49.0,442.0,256,,,256,618.8,,1,,,ft.E.256,,,,
595,0.1,49.0,442.0,256,,,256,618.8,,1,,,ft.E.256,,,,
596,0.1,49.0,442.0,256,,,256,618.8,,1,,,ft.E.256,,,,
597,0.1,49.0,128.0,256,,,256,179.2,,1,,,is.E.256,,,,
598,0.1,49.0,442.0,256,,,256,618.8,,1,,,ft.E.256,,,,
599,0.1,49.0,442.0,256,,,256,618.8,,1,,,ft.E.256,,,,
600,0.1,49.0,48.99999999999999,256,,,256,68.6,,1,,,cg.D.256,,,,
601,0.1,49.0,442.0,256,,,256,618.8,,1,,,ft.E.256,,,,
602,0.1,49.0,442.0,256,,,256,618.8,,1,,,ft.E.256,,,,
603,0.1,49.0,442.0,256,,,256,618.8,,1,,,ft.E.256,,,,
604,0.1,49.0,128.0,256,,,256,179.2,,1,,,is.E.256,,,,
605,0.1,49.0,275.5,256,,,256,385.7,,1,,,ep.E.256,,,,
606,0.1,49.0,442.0,256,,,256,618.8,,1,,,ft.E.256,,,,
607,0.1,49.0,275.5,256,,,256,385.7,,1,,,ep.E.256,,,,
608,0.1,49.0,128.0,256,,,256,179.2,,1,,,is.E.256,,,,
609,0.1,49.0,48.99999999999999,256,,,256,68.6,,1,,,cg.D.256,,,,
610,0.1,49.0,275.5,256,,,256,385.7,,1,,,ep.E.256,,,,
611,0.1,49.0,79.0,256,,,256,110.6,,1,,,lu.D.256,,,,
612,0.1,49.0,133.0,256,,,256,186.2,,1,,,sp.D.256,,,,
613,0.1,49.0,118.0,256,,,256,165.2,,1,,,bt.D.256,,,,
614,0.1,49.0,42.99999999999999,256,,,256,60.199999999999996,,1,,,ft.D.256,,,,
615,0.1,49.0,42.99999999999999,256,,,256,60.199999999999996,,1,,,ft.D.256,,,,
616,0.1,49.0,442.0,256,,,256,618.8,,1,,,ft.E.256,,,,
617,0.1,49.0,118.0,256,,,256,165.2,,1,,,bt.D.256,,,,
618,0.1,49.0,133.0,256,,,256,186.2,,1,,,sp.D.256,,,,
619,0.1,49.0,128.0,256,,,256,179.2,,1,,,is.E.256,,,,
620,0.1,49.0,42.99999999999999,256,,,256,60.199999999999996,,1,,,ft.D.256,,,,
621,0.1,49.0,118.0,256,,,256,165.2,,1,,,bt.D.256,,,,
622,0.1,49.0,275.5,256,,,256,385.7,,1,,,ep.E.256,,,,
623,0.1,49.0,96.0,256,,,256,134.39999999999998,,1,,,mg.E.256,,,,
624,0.1,49.0,118.0,256,,,256,165.2,,1,,,bt.D.256,,,,
625,0.1,49.0,48.99999999999999,256,,,256,68.6,,1,,,cg.D.256,,,,
626,0.1,49.0,42.99999999999999,256,,,256,60.199999999999996,,1,,,ft.D.256,,,,
627,0.1,49.0,96.0,256,,,256,134.39999999999998,,1,,,mg.E.256,,,,
628,0.1,49.0,442.0,256,,,256,618.8,,1,,,ft.E.256,,,,
629,0.1,49.0,79.0,256,,,256,110.6,,1,,,lu.D.256,,,,
630,0.1,49.0,442.0,256,,,256,618.8,,1,,,ft.E.256,,,,
631,0.1,49.0,128.0,256,,,256,179.2,,1,,,is.E.256,,,,
632,0.1,49.0,128.0,256,,,256,179.2,,1,,,is.E.256,,,,
633,0.1,79.0,128.0,256,,,256,179.2,,1,,,is.E.256,,,,
634,0.1,79.0,275.5,256,,,256,385.7,,1,,,ep.E.256,,,,
635,0.1,79.0,133.0,256,,,256,186.2,,1,,,sp.D.256,,,,
636,0.1,79.0,43.0,256,,,256,60.199999999999996,,1,,,ft.D.256,,,,
637,0.1,79.0,96.0,256,,,256,134.39999999999998,,1,,,mg.E.256,,,,
638,0.1,79.0,128.0,256,,,256,179.2,,1,,,is.E.256,,,,
639,0.1,79.0,442.0,256,,,256,618.8,,1,,,ft.E.256,,,,
640,0.1,79.0,133.0,256,,,256,186.2,,1,,,sp.D.256,,,,
641,0.1,79.0,49.0,256,,,256,68.6,,1,,,cg.D.256,,,,
642,0.1,79.0,96.0,256,,,256,134.39999999999998,,1,,,mg.E.256,,,,
643,0.1,79.0,442.0,256,,,256,618.8,,1,,,ft.E.256,,,,
644,0.1,79.0,49.0,256,,,256,68.6,,1,,,cg.D.256,,,,
645,0.1,79.0,79.0,256,,,256,110.6,,1,,,lu.D.256,,,,
646,0.1,79.0,43.0,256,,,256,60.199999999999996,,1,,,ft.D.256,,,,
647,0.1,79.0,442.0,256,,,256,618.8,,1,,,ft.E.256,,,,
648,0.1,79.0,79.0,256,,,256,110.6,,1,,,lu.D.256,,,,
649,0.1,79.0,96.0,256,,,256,134.39999999999998,,1,,,mg.E.256,,,,
650,0.1,79.0,96.0,256,,,256,134.39999999999998,,1,,,mg.E.256,,,,
651,0.1,79.0,79.0,256,,,256,110.6,,1,,,lu.D.256,,,,
652,0.1,79.0,96.0,256,,,256,134.39999999999998,,1,,,mg.E.256,,,,
653,0.1,79.0,43.0,256,,,256,60.199999999999996,,1,,,ft.D.256,,,,
654,0.1,79.0,43.0,256,,,256,60.199999999999996,,1,,,ft.D.256,,,,
655,0.1,79.0,118.0,256,,,256,165.2,,1,,,bt.D.256,,,,
656,0.1,79.0,118.0,256,,,256,165.2,,1,,,bt.D.256,,,,
657,0.1,79.0,442.0,256,,,256,618.8,,1,,,ft.E.256,,,,
658,0.1,79.0,133.0,256,,,256,186.2,,1,,,sp.D.256,,,,
659,0.1,79.0,128.0,256,,,256,179.2,,1,,,is.E.256,,,,
660,0.1,79.0,118.0,256,,,256,165.2,,1,,,bt.D.256,,,,
661,0.1,79.0,442.0,256,,,256,618.8,,1,,,ft.E.256,,,,
662,0.1,79.0,128.0,256,,,256,179.2,,1,,,is.E.256,,,,
663,0.1,79.0,79.0,256,,,256,110.6,,1,,,lu.D.256,,,,
664,0.1,79.0,79.0,256,,,256,110.6,,1,,,lu.D.256,,,,
665,0.1,79.0,79.0,256,,,256,110.6,,1,,,lu.D.256,,,,
666,0.1,79.0,49.0,256,,,256,68.6,,1,,,cg.D.256,,,,
667,0.1,79.0,79.0,256,,,256,110.6,,1,,,lu.D.256,,,,
668,0.1,79.0,49.0,256,,,256,68.6,,1,,,cg.D.256,,,,
669,0.1,79.0,49.0,256,,,256,68.6,,1,,,cg.D.256,,,,
670,0.1,79.0,442.0,256,,,256,618.8,,1,,,ft.E.256,,,,
671,0.1,79.0,79.0,256,,,256,110.6,,1,,,lu.D.256,,,,
672,0.1,79.0,442.0,256,,,256,618.8,,1,,,ft.E.256,,,,
673,0.1,79.0,96.0,256,,,256,134.39999999999998,,1,,,mg.E.256,,,,
674,0.1,79.0,118.0,256,,,256,165.2,,1,,,bt.D.256,,,,
675,0.1,79.0,96.0,256,,,256,134.39999999999998,,1,,,mg.E.256,,,,
676,0.1,79.0,128.0,256,,,256,179.2,,1,,,is.E.256,,,,
677,0.1,79.0,118.0,256,,,256,165.2,,1,,,bt.D.256,,,,
678,0.1,79.0,49.0,256,,,256,68.6,,1,,,cg.D.256,,,,
679,0.1,79.0,133.0,256,,,256,186.2,,1,,,sp.D.256,,,,
680,0.1,79.0,118.0,256,,,256,165.2,,1,,,bt.D.256,,,,
681,0.1,79.0,96.0,256,,,256,134.39999999999998,,1,,,mg.E.256,,,,
682,0.1,79.0,118.0,256,,,256,165.2,,1,,,bt.D.256,,,,
683,0.1,79.0,96.0,256,,,256,134.39999999999998,,1,,,mg.E.256,,,,
684,0.1,79.0,96.0,256,,,256,134.39999999999998,,1,,,mg.E.256,,,,
685,0.1,79.0,128.0,256,,,256,179.2,,1,,,is.E.256,,,,
686,0.1,79.0,275.5,256,,,256,385.7,,1,,,ep.E.256,,,,
687,0.1,79.0,49.0,256,,,256,68.6,,1,,,cg.D.256,,,,
688,0.1,79.0,133.0,256,,,256,186.2,,1,,,sp.D.256,,,,
689,0.1,79.0,79.0,256,,,256,110.6,,1,,,lu.D.256,,,,
690,0.1,79.0,128.0,256,,,256,179.2,,1,,,is.E.256,,,,
691,0.1,79.0,96.0,256,,,256,134.39999999999998,,1,,,mg.E.256,,,,
692,0.1,79.0,128.0,256,,,256,179.2,,1,,,is.E.256,,,,
693,0.1,79.0,43.0,256,,,256,60.199999999999996,,1,,,ft.D.256,,,,
694,0.1,79.0,79.0,256,,,256,110.6,,1,,,lu.D.256,,,,
695,0.1,79.0,275.5,256,,,256,385.7,,1,,,ep.E.256,,,,
696,0.1,86.0,49.0,256,,,256,68.6,,1,,,cg.D.256,,,,
697,0.1,86.0,49.0,256,,,256,68.6,,1,,,cg.D.256,,,,
698,0.1,86.0,79.0,256,,,256,110.6,,1,,,lu.D.256,,,,
699,0.1,86.0,49.0,256,,,256,68.6,,1,,,cg.D.256,,,,
700,0.1,86.0,128.0,256,,,256,179.2,,1,,,is.E.256,,,,
701,0.1,86.0,118.0,256,,,256,165.2,,1,,,bt.D.256,,,,
702,0.1,86.0,442.0,256,,,256,618.8,,1,,,ft.E.256,,,,
703,0.1,92.0,442.0,256,,,256,618.8,,1,,,ft.E.256,,,,
704,0.1,92.0,96.0,256,,,256,134.39999999999998,,1,,,mg.E.256,,,,
705,0.1,92.0,118.0,256,,,256,165.2,,1,,,bt.D.256,,,,
706,0.1,92.0,442.0,256,,,256,618.8,,1,,,ft.E.256,,,,
707,0.1,92.0,79.0,256,,,256,110.6,,1,,,lu.D.256,,,,
708,0.1,92.0,442.0,256,,,256,618.8,,1,,,ft.E.256,,,,
709,0.1,92.0,275.5,256,,,256,385.7,,1,,,ep.E.256,,,,
710,0.1,92.0,442.0,256,,,256,618.8,,1,,,ft.E.256,,,,
711,0.1,92.0,133.0,256,,,256,186.2,,1,,,sp.D.256,,,,
712,0.1,92.0,43.0,256,,,256,60.199999999999996,,1,,,ft.D.256,,,,
713,0.1,92.0,128.0,256,,,256,179.2,,1,,,is.E.256,,,,
714,0.1,92.0,49.0,256,,,256,68.6,,1,,,cg.D.256,,,,
715,0.1,96.0,275.5,256,,,256,385.7,,1,,,ep.E.256,,,,
716,0.1,96.0,275.5,256,,,256,385.7,,1,,,ep.E.256,,,,
717,0.1,96.0,442.0,256,,,256,618.8,,1,,,ft.E.256,,,,
718,0.1,96.0,43.0,256,,,256,60.199999999999996,,1,,,ft.D.256,,,,
719,0.1,96.0,49.0,256,,,256,68.6,,1,,,cg.D.256,,,,
720,0.1,96.0,43.0,256,,,256,60.199999999999996,,1,,,ft.D.256,,,,
721,0.1,96.0,96.0,256,,,256,134.39999999999998,,1,,,mg.E.256,,,,
722,0.1,96.0,96.0,256,,,256,134.39999999999998,,1,,,mg.E.256,,,,
723,0.1,96.0,128.0,256,,,256,179.2,,1,,,is.E.256,,,,
724,0.1,96.0,133.0,256,,,256,186.2,,1,,,sp.D.256,,,,
725,0.1,96.0,133.0,256,,,256,186.2,,1,,,sp.D.256,,,,
726,0.1,96.0,118.0,256,,,256,165.2,,1,,,bt.D.256,,,,
727,0.1,96.0,96.0,256,,,256,134.39999999999998,,1,,,mg.E.256,,,,
728,0.1,96.0,96.0,256,,,256,134.39999999999998,,1,,,mg.E.256,,,,
729,0.1,96.0,128.0,256,,,256,179.2,,1,,,is.E.256,,,,
730,0.1,96.0,96.0,256,,,256,134.39999999999998,,1,,,mg.E.256,,,,
731,0.1,96.0,275.5,256,,,256,385.7,,1,,,ep.E.256,,,,
732,0.1,96.0,118.0,256,,,256,165.2,,1,,,bt.D.256,,,,
733,0.1,96.0,49.0,256,,,256,68.6,,1,,,cg.D.256,,,,
734,0.1,96.0,133.0,256,,,256,186.2,,1,,,sp.D.256,,,,
735,0.1,96.0,49.0,256,,,256,68.6,,1,,,cg.D.256,,,,
736,0.1,96.0,133.0,256,,,256,186.2,,1,,,sp.D.256,,,,
737,0.1,96.0,133.0,256,,,256,186.2,,1,,,sp.D.256,,,,
738,0.1,96.0,118.0,256,,,256,165.2,,1,,,bt.D.256,,,,
739,0.1,96.0,442.0,256,,,256,618.8,,1,,,ft.E.256,,,,
740,0.1,96.0,49.0,256,,,256,68.6,,1,,,cg.D.256,,,,
741,0.1,96.0,96.0,256,,,256,134.39999999999998,,1,,,mg.E.256,,,,
742,0.1,96.0,128.0,256,,,256,179.2,,1,,,is.E.256,,,,
743,0.1,96.0,43.0,256,,,256,60.199999999999996,,1,,,ft.D.256,,,,
744,0.1,96.0,43.0,256,,,256,60.199999999999996,,1,,,ft.D.256,,,,
745,0.1,96.0,442.0,256,,,256,618.8,,1,,,ft.E.256,,,,
746,0.1,96.0,79.0,256,,,256,110.6,,1,,,lu.D.256,,,,
747,0.1,96.0,118.0,256,,,256,165.2,,1,,,bt.D.256,,,,
748,0.1,96.0,128.0,256,,,256,179.2,,1,,,is.E.256,,,,
749,0.1,96.0,118.0,256,,,256,165.2,,1,,,bt.D.256,,,,
750,0.1,96.0,442.0,256,,,256,618.8,,1,,,ft.E.256,,,,
751,0.1,96.0,128.0,256,,,256,179.2,,1,,,is.E.256,,,,
752,0.1,96.0,442.0,256,,,256,618.8,,1,,,ft.E.256,,,,
753,0.1,96.0,96.0,256,,,256,134.39999999999998,,1,,,mg.E.256,,,,
754,0.1,96.0,133.0,256,,,256,186.2,,1,,,sp.D.256,,,,
755,0.1,96.0,275.5,256,,,256,385.7,,1,,,ep.E.256,,,,
756,0.1,96.0,43.0,256,,,256,60.199999999999996,,1,,,ft.D.256,,,,
757,0.1,96.0,96.0,256,,,256,134.39999999999998,,1,,,mg.E.256,,,,
758,0.1,96.0,96.0,256,,,256,134.39999999999998,,1,,,mg.E.256,,,,
759,0.1,96.0,43.0,256,,,256,60.199999999999996,,1,,,ft.D.256,,,,
760,0.1,96.0,96.0,256,,,256,134.39999999999998,,1,,,mg.E.256,,,,
761,0.1,96.0,96.0,256,,,256,134.39999999999998,,1,,,mg.E.256,,,,
762,0.1,96.0,96.0,256,,,256,134.39999999999998,,1,,,mg.E.256,,,,
763,0.1,96.0,118.0,256,,,256,165.2,,1,,,bt.D.256,,,,
764,0.1,96.0,118.0,256,,,256,165.2,,1,,,bt.D.256,,,,
765,0.1,96.0,133.0,256,,,256,186.2,,1,,,sp.D.256,,,,
766,0.1,96.0,128.0,256,,,256,179.2,,1,,,is.E.256,,,,
767,0.1,96.0,128.0,256,,,256,179.2,,1,,,is.E.256,,,,
768,0.1,96.0,442.0,256,,,256,618.8,,1,,,ft.E.256,,,,
769,0.1,96.0,49.0,256,,,256,68.6,,1,,,cg.D.256,,,,
770,0.1,96.0,49.0,256,,,256,68.6,,1,,,cg.D.256,,,,
771,0.1,96.0,128.0,256,,,256,179.2,,1,,,is.E.256,,,,
772,0.1,96.0,133.0,256,,,256,186.2,,1,,,sp.D.256,,,,
773,0.1,98.0,96.0,256,,,256,134.39999999999998,,1,,,mg.E.256,,,,
774,0.1,98.0,79.0,256,,,256,110.6,,1,,,lu.D.256,,,,
775,0.1,98.0,49.0,256,,,256,68.6,,1,,,cg.D.256,,,,
776,0.1,98.0,128.0,256,,,256,179.2,,1,,,is.E.256,,,,
777,0.1,98.0,96.0,256,,,256,134.39999999999998,,1,,,mg.E.256,,,,
778,0.1,98.0,43.0,256,,,256,60.199999999999996,,1,,,ft.D.256,,,,
779,0.1,98.0,96.0,256,,,256,134.39999999999998,,1,,,mg.E.256,,,,
780,0.1,98.0,118.0,256,,,256,165.2,,1,,,bt.D.256,,,,
781,0.1,98.0,96.0,256,,,256,134.39999999999998,,1,,,mg.E.256,,,,
782,0.1,118.0,275.5,256,,,256,385.7,,1,,,ep.E.256,,,,
783,0.1,118.0,133.0,256,,,256,186.2,,1,,,sp.D.256,,,,
784,0.1,118.0,79.0,256,,,256,110.6,,1,,,lu.D.256,,,,
785,0.1,118.0,128.0,256,,,256,179.2,,1,,,is.E.256,,,,
786,0.1,118.0,275.5,256,,,256,385.7,,1,,,ep.E.256,,,,
787,0.1,118.0,49.0,256,,,256,68.6,,1,,,cg.D.256,,,,
788,0.1,118.0,79.0,256,,,256,110.6,,1,,,lu.D.256,,,,
789,0.1,118.0,96.0,256,,,256,134.39999999999998,,1,,,mg.E.256,,,,
790,0.1,118.0,118.0,256,,,256,165.2,,1,,,bt.D.256,,,,
791,0.1,118.0,133.0,256,,,256,186.2,,1,,,sp.D.256,,,,
792,0.1,118.0,128.0,256,,,256,179.2,,1,,,is.E.256,,,,
793,0.1,118.0,128.0,256,,,256,179.2,,1,,,is.E.256,,,,
794,0.1,118.0,133.0,256,,,256,186.2,,1,,,sp.D.256,,,,
795,0.1,118.0,79.0,256,,,256,110.6,,1,,,lu.D.256,,,,
796,0.1,118.0,43.0,256,,,256,60.199999999999996,,1,,,ft.D.256,,,,
797,0.1,118.0,96.0,256,,,256,134.39999999999998,,1,,,mg.E.256,,,,
798,0.1,118.0,128.0,256,,,256,179.2,,1,,,is.E.256,,,,
799,0.1,118.0,43.0,256,,,256,60.199999999999996,,1,,,ft.D.256,,,,
800,0.1,118.0,133.0,256,,,256,186.2,,1,,,sp.D.256,,,,
801,0.1,118.0,133.0,256,,,256,186.2,,1,,,sp.D.256,,,,
802,0.1,118.0,43.0,256,,,256,60.199999999999996,,1,,,ft.D.256,,,,
803,0.1,118.0,118.0,256,,,256,165.2,,1,,,bt.D.256,,,,
804,0.1,118.0,118.0,256,,,256,165.2,,1,,,bt.D.256,,,,
805,0.1,118.0,133.0,256,,,256,186.2,,1,,,sp.D.256,,,,
806,0.1,118.0,442.0,256,,,256,618.8,,1,,,ft.E.256,,,,
807,0.1,118.0,118.0,256,,,256,165.2,,1,,,bt.D.256,,,,
808,0.1,118.0,49.0,256,,,256,68.6,,1,,,cg.D.256,,,,
809,0.1,118.0,442.0,256,,,256,618.8,,1,,,ft.E.256,,,,
810,0.1,118.0,96.0,256,,,256,134.39999999999998,,1,,,mg.E.256,,,,
811,0.1,118.0,133.0,256,,,256,186.2,,1,,,sp.D.256,,,,
812,0.1,118.0,442.0,256,,,256,618.8,,1,,,ft.E.256,,,,
813,0.1,118.0,275.5,256,,,256,385.7,,1,,,ep.E.256,,,,
814,0.1,118.0,442.0,256,,,256,618.8,,1,,,ft.E.256,,,,
815,0.1,118.0,442.0,256,,,256,618.8,,1,,,ft.E.256,,,,
816,0.1,118.0,442.0,256,,,256,618.8,,1,,,ft.E.256,,,,
817,0.1,118.0,442.0,256,,,256,618.8,,1,,,ft.E.256,,,,
818,0.1,118.0,43.0,256,,,256,60.199999999999996,,1,,,ft.D.256,,,,
819,0.1,118.0,128.0,256,,,256,179.2,,1,,,is.E.256,,,,
820,0.1,118.0,442.0,256,,,256,618.8,,1,,,ft.E.256,,,,
821,0.1,118.0,118.0,256,,,256,165.2,,1,,,bt.D.256,,,,
822,0.1,118.0,128.0,256,,,256,179.2,,1,,,is.E.256,,,,
823,0.1,118.0,118.0,256,,,256,165.2,,1,,,bt.D.256,,,,
824,0.1,118.0,96.0,256,,,256,134.39999999999998,,1,,,mg.E.256,,,,
825,0.1,118.0,442.0,256,,,256,618.8,,1,,,ft.E.256,,,,
826,0.1,118.0,43.0,256,,,256,60.199999999999996,,1,,,ft.D.256,,,,
827,0.1,118.0,96.0,256,,,256,134.39999999999998,,1,,,mg.E.256,,,,
828,0.1,118.0,128.0,256,,,256,179.2,,1,,,is.E.256,,,,
829,0.1,118.0,96.0,256,,,256,134.39999999999998,,1,,,mg.E.256,,,,
830,0.1,118.0,133.0,256,,,256,186.2,,1,,,sp.D.256,,,,
831,0.1,118.0,96.0,256,,,256,134.39999999999998,,1,,,mg.E.256,,,,
832,0.1,118.0,128.0,256,,,256,179.2,,1,,,is.E.256,,,,
833,0.1,118.0,79.0,256,,,256,110.6,,1,,,lu.D.256,,,,
834,0.1,118.0,79.0,256,,,256,110.6,,1,,,lu.D.256,,,,
835,0.1,118.0,43.0,256,,,256,60.199999999999996,,1,,,ft.D.256,,,,
836,0.1,118.0,133.0,256,,,256,186.2,,1,,,sp.D.256,,,,
837,0.1,118.0,79.0,256,,,256,110.6,,1,,,lu.D.256,,,,
838,0.1,118.0,442.0,256,,,256,618.8,,1,,,ft.E.256,,,,
839,0.1,118.0,43.0,256,,,256,60.199999999999996,,1,,,ft.D.256,,,,
840,0.1,118.0,49.0,256,,,256,68.6,,1,,,cg.D.256,,,,
841,0.1,118.0,118.0,256,,,256,165.2,,1,,,bt.D.256,,,,
842,0.1,122.0,79.0,256,,,256,110.6,,1,,,lu.D.256,,,,
843,0.1,122.0,442.0,256,,,256,618.8,,1,,,ft.E.256,,,,
844,0.1,122.0,96.0,256,,,256,134.39999999999998,,1,,,mg.E.256,,,,
845,0.1,122.0,43.0,256,,,256,60.199999999999996,,1,,,ft.D.256,,,,
846,0.1,122.0,133.0,256,,,256,186.2,,1,,,sp.D.256,,,,
847,0.1,122.0,79.0,256,,,256,110.6,,1,,,lu.D.256,,,,
848,0.1,122.0,96.0,256,,,256,134.39999999999998,,1,,,mg.E.256,,,,
849,0.1,122.0,275.5,256,,,256,385.7,,1,,,ep.E.256,,,,
850,0.1,122.0,49.0,256,,,256,68.6,,1,,,cg.D.256,,,,
851,0.1,122.0,118.0,256,,,256,165.2,,1,,,bt.D.256,,,,
852,0.1,122.0,79.0,256,,,256,110.6,,1,,,lu.D.256,,,,
853,0.1,128.0,96.0,256,,,256,134.39999999999998,,1,,,mg.E.256,,,,
854,0.1,128.0,128.00000000000003,256,,,256,179.2,,1,,,is.E.256,,,,
855,0.1,128.0,118.0,256,,,256,165.2,,1,,,bt.D.256,,,,
856,0.1,128.0,43.0,256,,,256,60.199999999999996,,1,,,ft.D.256,,,,
857,0.1,128.0,96.0,256,,,256,134.39999999999998,,1,,,mg.E.256,,,,
858,0.1,128.0,128.00000000000003,256,,,256,179.2,,1,,,is.E.256,,,,
859,0.1,128.0,442.0,256,,,256,618.8,,1,,,ft.E.256,,,,
860,0.1,128.0,442.0,256,,,256,618.8,,1,,,ft.E.256,,,,
861,0.1,128.0,442.0,256,,,256,618.8,,1,,,ft.E.256,,,,
862,0.1,128.0,133.00000000000003,256,,,256,186.2,,1,,,sp.D.256,,,,
863,0.1,128.0,128.00000000000003,256,,,256,179.2,,1,,,is.E.256,,,,
864,0.1,128.0,128.00000000000003,256,,,256,179.2,,1,,,is.E.256,,,,
865,0.1,128.0,118.0,256,,,256,165.2,,1,,,bt.D.256,,,,
866,0.1,128.0,43.0,256,,,256,60.199999999999996,,1,,,ft.D.256,,,,
867,0.1,128.0,133.00000000000003,256,,,256,186.2,,1,,,sp.D.256,,,,
868,0.1,128.0,96.0,256,,,256,134.39999999999998,,1,,,mg.E.256,,,,
869,0.1,128.0,49.0,256,,,256,68.6,,1,,,cg.D.256,,,,
870,0.1,128.0,118.0,256,,,256,165.2,,1,,,bt.D.256,,,,
871,0.1,128.0,49.0,256,,,256,68.6,,1,,,cg.D.256,,,,
872,0.1,128.0,49.0,256,,,256,68.6,,1,,,cg.D.256,,,,
873,0.1,128.0,96.0,256,,,256,134.39999999999998,,1,,,mg.E.256,,,,
874,0.1,128.0,128.00000000000003,256,,,256,179.2,,1,,,is.E.256,,,,
875,0.1,128.0,79.0,256,,,256,110.6,,1,,,lu.D.256,,,,
876,0.1,128.0,79.0,256,,,256,110.6,,1,,,lu.D.256,,,,
877,0.1,128.0,118.0,256,,,256,165.2,,1,,,bt.D.256,,,,
878,0.1,128.0,49.0,256,,,256,68.6,,1,,,cg.D.256,,,,
879,0.1,128.0,79.0,256,,,256,110.6,,1,,,lu.D.256,,,,
880,0.1,128.0,43.0,256,,,256,60.199999999999996,,1,,,ft.D.256,,,,
881,0.1,128.0,96.0,256,,,256,134.39999999999998,,1,,,mg.E.256,,,,
882,0.1,128.0,96.0,256,,,256,134.39999999999998,,1,,,mg.E.256,,,,
883,0.1,128.0,275.5,256,,,256,385.7,,1,,,ep.E.256,,,,
884,0.1,128.0,118.0,256,,,256,165.2,,1,,,bt.D.256,,,,
885,0.1,128.0,96.0,256,,,256,134.39999999999998,,1,,,mg.E.256,,,,
886,0.1,128.0,43.0,256,,,256,60.199999999999996,,1,,,ft.D.256,,,,
887,0.1,128.0,118.0,256,,,256,165.2,,1,,,bt.D.256,,,,
888,0.1,128.0,96.0,256,,,256,134.39999999999998,,1,,,mg.E.256,,,,
889,0.1,128.0,79.0,256,,,256,110.6,,1,,,lu.D.256,,,,
890,0.1,128.0,442.0,256,,,256,618.8,,1,,,ft.E.256,,,,
891,0.1,128.0,118.0,256,,,256,165.2,,1,,,bt.D.256,,,,
892,0.1,128.0,49.0,256,,,256,68.6,,1,,,cg.D.256,,,,
893,0.1,128.0,133.00000000000003,256,,,256,186.2,,1,,,sp.D.256,,,,
894,0.1,128.0,118.0,256,,,256,165.2,,1,,,bt.D.256,,,,
895,0.1,128.0,79.0,256,,,256,110.6,,1,,,lu.D.256,,,,
896,0.1,128.0,442.0,256,,,256,618.8,,1,,,ft.E.256,,,,
897,0.1,128.0,275.5,256,,,256,385.7,,1,,,ep.E.256,,,,
898,0.1,128.0,79.0,256,,,256,110.6,,1,,,lu.D.256,,,,
899,0.1,128.0,79.0,256,,,256,110.6,,1,,,lu.D.256,,,,
900,0.1,128.0,79.0,256,,,256,110.6,,1,,,lu.D.256,,,,
901,0.1,128.0,128.00000000000003,256,,,256,179.2,,1,,,is.E.256,,,,
902,0.1,128.0,442.0,256,,,256,618.8,,1,,,ft.E.256,,,,
903,0.1,128.0,275.5,256,,,256,385.7,,1,,,ep.E.256,,,,
904,0.1,128.0,275.5,256,,,256,385.7,,1,,,ep.E.256,,,,
905,0.1,128.0,133.00000000000003,256,,,256,186.2,,1,,,sp.D.256,,,,
906,0.1,128.0,128.00000000000003,256,,,256,179.2,,1,,,is.E.256,,,,
907,0.1,128.0,442.0,256,,,256,618.8,,1,,,ft.E.256,,,,
908,0.1,128.0,442.0,256,,,256,618.8,,1,,,ft.E.256,,,,
909,0.1,128.0,133.00000000000003,256,,,256,186.2,,1,,,sp.D.256,,,,
910,0.1,128.0,118.0,256,,,256,165.2,,1,,,bt.D.256,,,,
911,0.1,128.0,275.5,256,,,256,385.7,,1,,,ep.E.256,,,,
912,0.1,128.0,133.00000000000003,256,,,256,186.2,,1,,,sp.D.256,,,,
913,0.1,128.0,96.0,256,,,256,134.39999999999998,,1,,,mg.E.256,,,,
914,0.1,128.0,49.0,256,,,256,68.6,,1,,,cg.D.256,,,,
915,0.1,128.0,43.0,256,,,256,60.199999999999996,,1,,,ft.D.256,,,,
916,0.1,128.0,49.0,256,,,256,68.6,,1,,,cg.D.256,,,,
917,0.1,128.0,43.0,256,,,256,60.199999999999996,,1,,,ft.D.256,,,,
918,0.1,128.0,118.0,256,,,256,165.2,,1,,,bt.D.256,,,,
919,0.1,128.0,43.0,256,,,256,60.199999999999996,,1,,,ft.D.256,,,,
920,0.1,128.0,128.00000000000003,256,,,256,179.2,,1,,,is.E.256,,,,
921,0.1,128.0,79.0,256,,,256,110.6,,1,,,lu.D.256,,,,
922,0.1,128.0,442.0,256,,,256,618.8,,1,,,ft.E.256,,,,
923,0.1,128.0,49.0,256,,,256,68.6,,1,,,cg.D.256,,,,
924,0.1,133.0,133.00000000000003,256,,,256,186.2,,1,,,sp.D.256,,,,
925,0.1,133.0,118.0,256,,,256,165.2,,1,,,bt.D.256,,,,
926,0.1,133.0,96.0,256,,,256,134.39999999999998,,1,,,mg.E.256,,,,
927,0.1,133.0,118.0,256,,,256,165.2,,1,,,bt.D.256,,,,
928,0.1,133.0,118.0,256,,,256,165.2,,1,,,bt.D.256,,,,
929,0.1,133.0,49.0,256,,,256,68.6,,1,,,cg.D.256,,,,
930,0.1,133.0,275.5,256,,,256,385.7,,1,,,ep.E.256,,,,
931,0.1,133.0,118.0,256,,,256,165.2,,1,,,bt.D.256,,,,
932,0.1,133.0,275.5,256,,,256,385.7,,1,,,ep.E.256,,,,
933,0.1,133.0,118.0,256,,,256,165.2,,1,,,bt.D.256,,,,
934,0.1,133.0,79.0,256,,,256,110.6,,1,,,lu.D.256,,,,
935,0.1,133.0,79.0,256,,,256,110.6,,1,,,lu.D.256,,,,
936,0.1,133.0,49.0,256,,,256,68.6,,1,,,cg.D.256,,,,
937,0.1,133.0,442.0,256,,,256,618.8,,1,,,ft.E.256,,,,
938,0.1,133.0,79.0,256,,,256,110.6,,1,,,lu.D.256,,,,
939,0.1,133.0,118.0,256,,,256,165.2,,1,,,bt.D.256,,,,
940,0.1,133.0,43.0,256,,,256,60.199999999999996,,1,,,ft.D.256,,,,
941,0.1,133.0,96.0,256,,,256,134.39999999999998,,1,,,mg.E.256,,,,
942,0.1,133.0,43.0,256,,,256,60.199999999999996,,1,,,ft.D.256,,,,
943,0.1,133.0,133.00000000000003,256,,,256,186.2,,1,,,sp.D.256,,,,
944,0.1,133.0,43.0,256,,,256,60.199999999999996,,1,,,ft.D.256,,,,
945,0.1,133.0,128.00000000000003,256,,,256,179.2,,1,,,is.E.256,,,,
946,0.1,133.0,442.0,256,,,256,618.8,,1,,,ft.E.256,,,,
947,0.1,133.0,128.00000000000003,256,,,256,179.2,,1,,,is.E.256,,,,
948,0.1,133.0,128.00000000000003,256,,,256,179.2,,1,,,is.E.256,,,,
949,0.1,133.0,79.0,256,,,256,110.6,,1,,,lu.D.256,,,,
950,0.1,133.0,275.5,256,,,256,385.7,,1,,,ep.E.256,,,,
951,0.1,133.0,118.0,256,,,256,165.2,,1,,,bt.D.256,,,,
952,0.1,133.0,275.5,256,,,256,385.7,,1,,,ep.E.256,,,,
953,0.1,133.0,133.00000000000003,256,,,256,186.2,,1,,,sp.D.256,,,,
954,0.1,133.0,133.00000000000003,256,,,256,186.2,,1,,,sp.D.256,,,,
955,0.1,133.0,49.0,256,,,256,68.6,,1,,,cg.D.256,,,,
956,0.1,133.0,96.0,256,,,256,134.39999999999998,,1,,,mg.E.256,,,,
957,0.1,133.0,442.0,256,,,256,618.8,,1,,,ft.E.256,,,,
958,0.1,133.0,442.0,256,,,256,618.8,,1,,,ft.E.256,,,,
959,0.1,133.0,79.0,256,,,256,110.6,,1,,,lu.D.256,,,,
960,0.1,133.0,275.5,256,,,256,385.7,,1,,,ep.E.256,,,,
961,0.1,133.0,118.0,256,,,256,165.2,,1,,,bt.D.256,,,,
962,0.1,133.0,49.0,256,,,256,68.6,,1,,,cg.D.256,,,,
963,0.1,133.0,118.0,256,,,256,165.2,,1,,,bt.D.256,,,,
964,0.1,133.0,442.0,256,,,256,618.8,,1,,,ft.E.256,,,,
965,0.1,133.0,118.0,256,,,256,165.2,,1,,,bt.D.256,,,,
966,0.1,133.0,96.0,256,,,256,134.39999999999998,,1,,,mg.E.256,,,,
967,0.1,133.0,96.0,256,,,256,134.39999999999998,,1,,,mg.E.256,,,,
968,0.1,133.0,128.00000000000003,256,,,256,179.2,,1,,,is.E.256,,,,
969,0.1,133.0,43.0,256,,,256,60.199999999999996,,1,,,ft.D.256,,,,
970,0.1,133.0,96.0,256,,,256,134.39999999999998,,1,,,mg.E.256,,,,
971,0.1,133.0,79.0,256,,,256,110.6,,1,,,lu.D.256,,,,
972,0.1,133.0,43.0,256,,,256,60.199999999999996,,1,,,ft.D.256,,,,
973,0.1,133.0,442.0,256,,,256,618.8,,1,,,ft.E.256,,,,
974,0.1,133.0,43.0,256,,,256,60.199999999999996,,1,,,ft.D.256,,,,
975,0.1,133.0,96.0,256,,,256,134.39999999999998,,1,,,mg.E.256,,,,
976,0.1,133.0,118.0,256,,,256,165.2,,1,,,bt.D.256,,,,
977,0.1,133.0,133.00000000000003,256,,,256,186.2,,1,,,sp.D.256,,,,
978,0.1,133.0,79.0,256,,,256,110.6,,1,,,lu.D.256,,,,
979,0.1,133.0,133.00000000000003,256,,,256,186.2,,1,,,sp.D.256,,,,
980,0.1,133.0,79.0,256,,,256,110.6,,1,,,lu.D.256,,,,
981,0.1,133.0,49.0,256,,,256,68.6,,1,,,cg.D.256,,,,
982,0.1,133.0,442.0,256,,,256,618.8,,1,,,ft.E.256,,,,
983,0.1,135.0,133.00000000000003,256,,,256,186.2,,1,,,sp.D.256,,,,
984,0.1,135.0,118.0,256,,,256,165.2,,1,,,bt.D.256,,,,
985,0.1,135.0,79.0,256,,,256,110.6,,1,,,lu.D.256,,,,
986,0.1,135.0,96.0,256,,,256,134.39999999999998,,1,,,mg.E.256,,,,
987,0.1,139.0,275.5,256,,,256,385.7,,1,,,ep.E.256,,,,
988,0.1,139.0,96.0,256,,,256,134.39999999999998,,1,,,mg.E.256,,,,
989,0.1,139.0,275.5,256,,,256,385.7,,1,,,ep.E.256,,,,
990,0.1,139.0,275.5,256,,,256,385.7,,1,,,ep.E.256,,,,
991,0.1,139.0,128.00000000000003,256,,,256,179.2,,1,,,is.E.256,,,,
992,0.1,139.0,128.00000000000003,256,,,256,179.2,,1,,,is.E.256,,,,
993,0.1,139.0,49.0,256,,,256,68.6,,1,,,cg.D.256,,,,
994,0.1,139.0,275.5,256,,,256,385.7,,1,,,ep.E.256,,,,
995,0.1,139.0,118.00000000000003,256,,,256,165.2,,1,,,bt.D.256,,,,
996,0.1,141.0,96.0,256,,,256,134.39999999999998,,1,,,mg.E.256,,,,
997,0.1,141.0,49.0,256,,,256,68.6,,1,,,cg.D.256,,,,
998,0.1,145.0,128.00000000000003,256,,,256,179.2,,1,,,is.E.256,,,,
999,0.1,145.0,79.0,256,,,256,110.6,,1,,,lu.D.256,,,,
